Processor,Graphics Card,RAM,Storage,User Type,Budget ($)
AMD Ryzen 9,NVIDIA RTX 4070,8GB DDR4,500GB SSD,Gamer,1630
AMD Ryzen 7,NVIDIA GTX 1660,64GB DDR4,2TB HDD,Developer,2082
Intel i9,AMD RX 6800,32GB DDR4,2TB HDD,Gamer,1902
AMD Ryzen 7,AMD RX 6800,64GB DDR4,2TB HDD,Editor,1131
Intel i7,AMD RX 6800,8GB DDR4,2TB SSD,Developer,2496
AMD Ryzen 7,AMD RX 6700,32GB DDR4,1TB SSD,Editor,1928
Intel i7,NVIDIA RTX 4070,16GB DDR4,2TB SSD,Developer,1297
AMD Ryzen 5,NVIDIA RTX 4070,16GB DDR4,1TB HDD,Gamer,2626
Intel i5,NVIDIA RTX 4070,8GB DDR4,2TB SSD,Developer,1256
AMD Ryzen 7,NVIDIA GTX 1660,8GB DDR4,500GB SSD,General User,827
Intel i5,AMD RX 6700,16GB DDR4,1TB SSD,General User,937
AMD Ryzen 5,NVIDIA RTX 4070,64GB DDR4,2TB HDD,Editor,2002
AMD Ryzen 5,AMD RX 6700,8GB DDR4,1TB HDD,Streamer,1410
Intel i9,NVIDIA RTX 4070,8GB DDR4,2TB HDD,Gamer,2705
AMD Ryzen 5,NVIDIA RTX 4070,8GB DDR4,1TB SSD,Gamer,2384
Intel i7,NVIDIA RTX 4070,16GB DDR4,2TB SSD,Streamer,951
Intel i9,NVIDIA RTX 3060,32GB DDR4,2TB SSD,Streamer,1485
AMD Ryzen 7,NVIDIA RTX 3060,64GB DDR4,2TB SSD,Gamer,1765
Intel i9,NVIDIA RTX 4070,8GB DDR4,2TB SSD,Streamer,1419
AMD Ryzen 5,AMD RX 6800,32GB DDR4,500GB SSD,Gamer,1888
Intel i5,NVIDIA RTX 3060,64GB DDR4,500GB SSD,Gamer,2592
AMD Ryzen 9,AMD RX 6700,8GB DDR4,2TB SSD,Streamer,964
Intel i9,NVIDIA RTX 4070,8GB DDR4,2TB HDD,Gamer,2655
Intel i5,NVIDIA RTX 3060,8GB DDR4,1TB HDD,Streamer,1111
Intel i9,AMD RX 6800,8GB DDR4,500GB SSD,General User,1063
Intel i5,NVIDIA RTX 3060,16GB DDR4,500GB SSD,General User,822
AMD Ryzen 5,NVIDIA RTX 4070,8GB DDR4,1TB HDD,Streamer,1048
Intel i9,NVIDIA RTX 4070,16GB DDR4,1TB SSD,Editor,1053
AMD Ryzen 7,NVIDIA GTX 1660,8GB DDR4,1TB HDD,Developer,2169
Intel i5,AMD RX 6800,64GB DDR4,1TB HDD,Developer,2090
AMD Ryzen 9,NVIDIA RTX 4070,16GB DDR4,500GB SSD,Streamer,1238
Intel i7,NVIDIA RTX 3060,64GB DDR4,2TB SSD,Gamer,2863
Intel i5,NVIDIA RTX 4070,64GB DDR4,500GB SSD,Editor,1636
Intel i9,AMD RX 6800,8GB DDR4,2TB HDD,Editor,1129
AMD Ryzen 7,AMD RX 6800,8GB DDR4,1TB HDD,Developer,1860
AMD Ryzen 7,AMD RX 6800,8GB DDR4,2TB HDD,Gamer,1648
Intel i7,AMD RX 6800,32GB DDR4,500GB SSD,Gamer,1853
AMD Ryzen 5,NVIDIA RTX 3060,32GB DDR4,1TB SSD,Streamer,1335
Intel i7,AMD RX 6800,8GB DDR4,500GB SSD,Editor,1142
Intel i7,NVIDIA RTX 3060,64GB DDR4,2TB HDD,Editor,1527
Intel i5,NVIDIA GTX 1660,8GB DDR4,2TB HDD,Gamer,1793
Intel i7,NVIDIA RTX 3060,8GB DDR4,1TB HDD,General User,988
AMD Ryzen 9,NVIDIA RTX 4070,8GB DDR4,1TB HDD,Developer,2200
Intel i5,AMD RX 6700,8GB DDR4,1TB SSD,Gamer,1791
AMD Ryzen 7,NVIDIA RTX 4070,32GB DDR4,2TB HDD,Developer,1516
Intel i9,AMD RX 6800,8GB DDR4,1TB SSD,Editor,2112
Intel i5,AMD RX 6700,8GB DDR4,1TB HDD,General User,839
AMD Ryzen 7,AMD RX 6800,16GB DDR4,2TB SSD,General User,1321
AMD Ryzen 7,NVIDIA GTX 1660,8GB DDR4,2TB HDD,Gamer,2563
AMD Ryzen 7,NVIDIA GTX 1660,16GB DDR4,1TB SSD,General User,1188
Intel i7,AMD RX 6700,16GB DDR4,1TB HDD,Developer,1675
Intel i7,AMD RX 6800,8GB DDR4,500GB SSD,Developer,1730
AMD Ryzen 5,AMD RX 6800,16GB DDR4,1TB SSD,Streamer,1103
Intel i9,NVIDIA RTX 4070,16GB DDR4,1TB SSD,Developer,1564
Intel i7,AMD RX 6700,64GB DDR4,2TB SSD,Streamer,1058
Intel i9,NVIDIA RTX 3060,64GB DDR4,1TB SSD,Editor,2080
Intel i9,AMD RX 6700,8GB DDR4,1TB SSD,General User,995
Intel i7,NVIDIA RTX 3060,64GB DDR4,500GB SSD,Streamer,833
Intel i7,NVIDIA RTX 3060,16GB DDR4,1TB HDD,General User,1017
AMD Ryzen 7,NVIDIA RTX 4070,64GB DDR4,1TB HDD,Streamer,849
Intel i9,AMD RX 6700,16GB DDR4,1TB SSD,Developer,1730
AMD Ryzen 9,NVIDIA RTX 4070,8GB DDR4,1TB SSD,Editor,1674
Intel i5,AMD RX 6700,16GB DDR4,1TB SSD,General User,951
Intel i9,NVIDIA RTX 3060,64GB DDR4,2TB SSD,Streamer,1213
Intel i9,NVIDIA GTX 1660,8GB DDR4,500GB SSD,Gamer,2858
Intel i7,NVIDIA GTX 1660,8GB DDR4,1TB SSD,Streamer,926
AMD Ryzen 5,NVIDIA GTX 1660,8GB DDR4,1TB HDD,Streamer,1398
AMD Ryzen 5,AMD RX 6700,64GB DDR4,1TB HDD,General User,1161
Intel i9,NVIDIA RTX 4070,64GB DDR4,1TB HDD,General User,1372
Intel i7,AMD RX 6700,8GB DDR4,1TB SSD,Gamer,1968
Intel i9,AMD RX 6800,8GB DDR4,2TB SSD,Streamer,1038
Intel i7,NVIDIA RTX 3060,8GB DDR4,500GB SSD,General User,983
Intel i9,NVIDIA RTX 4070,64GB DDR4,2TB SSD,Gamer,1753
Intel i9,NVIDIA GTX 1660,32GB DDR4,1TB SSD,Developer,2255
Intel i9,AMD RX 6700,64GB DDR4,1TB SSD,Gamer,2577
AMD Ryzen 9,AMD RX 6700,32GB DDR4,2TB HDD,Gamer,2448
AMD Ryzen 5,NVIDIA GTX 1660,32GB DDR4,2TB HDD,Gamer,2740
AMD Ryzen 7,NVIDIA RTX 3060,64GB DDR4,1TB SSD,Gamer,2370
Intel i9,NVIDIA RTX 3060,8GB DDR4,1TB SSD,Streamer,1438
Intel i9,NVIDIA RTX 3060,8GB DDR4,2TB HDD,Gamer,2949
Intel i9,AMD RX 6800,32GB DDR4,2TB SSD,Gamer,2395
AMD Ryzen 9,AMD RX 6700,8GB DDR4,2TB SSD,Streamer,1039
Intel i7,NVIDIA RTX 3060,8GB DDR4,1TB SSD,Developer,1505
Intel i9,NVIDIA GTX 1660,8GB DDR4,500GB SSD,General User,1063
Intel i7,AMD RX 6800,64GB DDR4,1TB HDD,General User,1029
Intel i9,AMD RX 6800,8GB DDR4,500GB SSD,Developer,1306
Intel i5,NVIDIA RTX 4070,64GB DDR4,500GB SSD,General User,1034
Intel i9,AMD RX 6700,8GB DDR4,2TB HDD,Editor,1648
Intel i9,NVIDIA RTX 4070,8GB DDR4,500GB SSD,Editor,1659
AMD Ryzen 9,NVIDIA RTX 4070,8GB DDR4,500GB SSD,Developer,2114
AMD Ryzen 9,NVIDIA GTX 1660,32GB DDR4,2TB SSD,Streamer,960
AMD Ryzen 7,NVIDIA RTX 4070,32GB DDR4,500GB SSD,Streamer,924
Intel i7,AMD RX 6800,8GB DDR4,2TB SSD,Developer,2052
Intel i9,AMD RX 6700,32GB DDR4,1TB HDD,Streamer,1155
AMD Ryzen 5,NVIDIA GTX 1660,32GB DDR4,2TB HDD,Gamer,1705
AMD Ryzen 9,NVIDIA GTX 1660,32GB DDR4,1TB SSD,Gamer,1707
Intel i7,NVIDIA GTX 1660,64GB DDR4,1TB HDD,General User,1359
AMD Ryzen 7,NVIDIA RTX 3060,32GB DDR4,1TB SSD,Streamer,815
Intel i7,NVIDIA GTX 1660,64GB DDR4,1TB SSD,Gamer,2427
AMD Ryzen 9,NVIDIA RTX 3060,32GB DDR4,2TB HDD,Gamer,2101
Intel i9,AMD RX 6800,8GB DDR4,1TB SSD,Gamer,2225
Intel i9,AMD RX 6700,8GB DDR4,1TB SSD,General User,1469
Intel i9,AMD RX 6800,16GB DDR4,2TB HDD,Gamer,2465
Intel i7,NVIDIA RTX 3060,8GB DDR4,1TB SSD,Developer,1480
AMD Ryzen 5,AMD RX 6800,8GB DDR4,2TB HDD,Editor,1769
Intel i7,NVIDIA RTX 4070,16GB DDR4,1TB SSD,Gamer,1663
AMD Ryzen 9,NVIDIA RTX 3060,32GB DDR4,500GB SSD,Streamer,1385
Intel i5,NVIDIA RTX 4070,64GB DDR4,1TB HDD,Streamer,898
AMD Ryzen 7,NVIDIA RTX 3060,32GB DDR4,2TB HDD,Developer,1479
AMD Ryzen 7,NVIDIA RTX 4070,8GB DDR4,2TB HDD,Gamer,1999
AMD Ryzen 7,AMD RX 6700,16GB DDR4,2TB SSD,Editor,1998
AMD Ryzen 5,AMD RX 6700,16GB DDR4,1TB HDD,Streamer,1477
Intel i9,NVIDIA RTX 3060,32GB DDR4,1TB SSD,General User,1111
AMD Ryzen 5,NVIDIA RTX 3060,64GB DDR4,2TB SSD,Gamer,2292
AMD Ryzen 5,AMD RX 6800,16GB DDR4,1TB SSD,Streamer,1338
Intel i5,NVIDIA RTX 4070,32GB DDR4,2TB HDD,Developer,2296
AMD Ryzen 9,AMD RX 6700,8GB DDR4,1TB HDD,General User,940
AMD Ryzen 9,AMD RX 6700,32GB DDR4,1TB HDD,Gamer,2087
Intel i9,NVIDIA GTX 1660,16GB DDR4,500GB SSD,Editor,1321
Intel i7,AMD RX 6700,64GB DDR4,1TB SSD,Developer,2320
AMD Ryzen 7,AMD RX 6800,16GB DDR4,2TB SSD,Developer,2430
Intel i7,NVIDIA RTX 4070,8GB DDR4,2TB HDD,General User,1181
AMD Ryzen 7,NVIDIA RTX 3060,16GB DDR4,1TB SSD,Gamer,2004
Intel i9,AMD RX 6800,32GB DDR4,2TB HDD,Gamer,2216
Intel i9,AMD RX 6800,64GB DDR4,2TB SSD,Editor,1631
AMD Ryzen 5,AMD RX 6700,64GB DDR4,1TB HDD,General User,1174
AMD Ryzen 5,NVIDIA RTX 3060,64GB DDR4,2TB HDD,Developer,2103
AMD Ryzen 7,NVIDIA GTX 1660,32GB DDR4,2TB SSD,Editor,1130
AMD Ryzen 7,AMD RX 6700,32GB DDR4,1TB SSD,Developer,1478
AMD Ryzen 7,NVIDIA RTX 4070,16GB DDR4,2TB HDD,Editor,1746
Intel i5,NVIDIA GTX 1660,32GB DDR4,1TB HDD,Developer,2314
Intel i7,NVIDIA RTX 3060,8GB DDR4,500GB SSD,Editor,2056
Intel i9,NVIDIA GTX 1660,32GB DDR4,2TB SSD,General User,1081
Intel i9,NVIDIA GTX 1660,64GB DDR4,2TB HDD,Gamer,2404
Intel i5,AMD RX 6700,8GB DDR4,1TB HDD,Editor,1159
AMD Ryzen 5,AMD RX 6800,64GB DDR4,2TB SSD,Streamer,1402
Intel i7,NVIDIA GTX 1660,32GB DDR4,1TB HDD,General User,1259
Intel i5,AMD RX 6800,16GB DDR4,2TB SSD,General User,1360
AMD Ryzen 5,NVIDIA GTX 1660,64GB DDR4,2TB SSD,Gamer,1703
Intel i5,NVIDIA RTX 4070,64GB DDR4,500GB SSD,General User,1167
Intel i9,AMD RX 6700,8GB DDR4,1TB HDD,Editor,1581
AMD Ryzen 5,NVIDIA GTX 1660,16GB DDR4,1TB SSD,Streamer,1081
AMD Ryzen 5,AMD RX 6700,32GB DDR4,1TB SSD,Streamer,857
AMD Ryzen 9,NVIDIA RTX 4070,16GB DDR4,1TB HDD,General User,1357
AMD Ryzen 9,NVIDIA RTX 3060,32GB DDR4,2TB HDD,Editor,1505
AMD Ryzen 5,AMD RX 6700,16GB DDR4,1TB HDD,Developer,1733
AMD Ryzen 5,NVIDIA RTX 4070,16GB DDR4,1TB HDD,Editor,1910
Intel i5,NVIDIA RTX 4070,32GB DDR4,2TB HDD,Streamer,850
AMD Ryzen 7,AMD RX 6700,32GB DDR4,1TB HDD,Streamer,969
AMD Ryzen 7,NVIDIA RTX 4070,16GB DDR4,1TB HDD,Developer,1283
AMD Ryzen 9,NVIDIA RTX 4070,16GB DDR4,500GB SSD,Streamer,946
AMD Ryzen 5,NVIDIA GTX 1660,8GB DDR4,1TB SSD,Editor,2081
AMD Ryzen 7,NVIDIA GTX 1660,64GB DDR4,1TB HDD,Gamer,2378
AMD Ryzen 9,AMD RX 6800,64GB DDR4,1TB SSD,Gamer,2136
Intel i9,NVIDIA GTX 1660,16GB DDR4,1TB HDD,Streamer,1282
Intel i9,NVIDIA RTX 4070,16GB DDR4,500GB SSD,Streamer,1297
AMD Ryzen 7,NVIDIA GTX 1660,16GB DDR4,1TB HDD,Developer,1709
AMD Ryzen 7,NVIDIA RTX 4070,64GB DDR4,500GB SSD,Developer,2417
Intel i9,NVIDIA GTX 1660,32GB DDR4,2TB SSD,Streamer,1288
Intel i7,NVIDIA GTX 1660,16GB DDR4,2TB HDD,General User,821
AMD Ryzen 5,NVIDIA RTX 3060,16GB DDR4,2TB HDD,Gamer,2747
AMD Ryzen 9,NVIDIA RTX 4070,16GB DDR4,1TB SSD,Editor,2100
AMD Ryzen 9,AMD RX 6700,32GB DDR4,500GB SSD,Streamer,888
AMD Ryzen 5,NVIDIA RTX 3060,8GB DDR4,1TB HDD,Developer,1506
Intel i5,NVIDIA RTX 4070,8GB DDR4,1TB HDD,Gamer,2076
AMD Ryzen 7,AMD RX 6800,8GB DDR4,500GB SSD,General User,954
Intel i5,NVIDIA RTX 4070,8GB DDR4,1TB SSD,Developer,1807
AMD Ryzen 5,NVIDIA RTX 4070,8GB DDR4,1TB SSD,Streamer,947
Intel i9,NVIDIA RTX 3060,64GB DDR4,1TB HDD,Gamer,2968
Intel i9,AMD RX 6700,16GB DDR4,1TB SSD,Editor,1243
Intel i9,NVIDIA RTX 3060,64GB DDR4,1TB SSD,Developer,1412
Intel i7,NVIDIA RTX 3060,16GB DDR4,500GB SSD,Streamer,1284
Intel i9,AMD RX 6800,32GB DDR4,500GB SSD,Developer,1565
Intel i7,AMD RX 6700,64GB DDR4,1TB SSD,General User,1380
AMD Ryzen 9,NVIDIA RTX 4070,16GB DDR4,1TB SSD,Editor,2104
Intel i9,NVIDIA GTX 1660,64GB DDR4,1TB SSD,Streamer,1043
Intel i9,NVIDIA RTX 3060,64GB DDR4,2TB SSD,Streamer,1108
AMD Ryzen 7,AMD RX 6700,32GB DDR4,2TB SSD,Streamer,1252
Intel i7,AMD RX 6700,8GB DDR4,500GB SSD,Editor,1290
AMD Ryzen 7,AMD RX 6800,8GB DDR4,2TB HDD,Gamer,2572
AMD Ryzen 7,AMD RX 6700,8GB DDR4,1TB SSD,Developer,2405
Intel i7,AMD RX 6700,64GB DDR4,500GB SSD,Streamer,1304
Intel i5,NVIDIA RTX 4070,32GB DDR4,2TB SSD,Gamer,2743
AMD Ryzen 7,NVIDIA RTX 4070,16GB DDR4,500GB SSD,Developer,2168
Intel i7,NVIDIA RTX 3060,8GB DDR4,500GB SSD,General User,898
Intel i9,NVIDIA GTX 1660,64GB DDR4,2TB SSD,Editor,1933
Intel i5,NVIDIA GTX 1660,64GB DDR4,1TB HDD,Editor,1970
AMD Ryzen 7,AMD RX 6800,32GB DDR4,2TB SSD,General User,1086
AMD Ryzen 9,NVIDIA RTX 4070,16GB DDR4,2TB SSD,Editor,1771
AMD Ryzen 9,NVIDIA RTX 4070,8GB DDR4,2TB SSD,Developer,1450
AMD Ryzen 7,NVIDIA RTX 4070,16GB DDR4,2TB SSD,Gamer,2831
AMD Ryzen 7,NVIDIA RTX 3060,32GB DDR4,2TB HDD,Streamer,971
Intel i7,AMD RX 6700,8GB DDR4,2TB SSD,Developer,1764
Intel i7,AMD RX 6700,16GB DDR4,2TB SSD,Gamer,2384
AMD Ryzen 9,AMD RX 6800,16GB DDR4,2TB HDD,Gamer,2976
AMD Ryzen 9,NVIDIA RTX 4070,8GB DDR4,1TB HDD,General User,1328
Intel i7,NVIDIA RTX 3060,32GB DDR4,2TB SSD,Developer,2193
Intel i5,NVIDIA RTX 4070,32GB DDR4,1TB SSD,Developer,1681
AMD Ryzen 9,NVIDIA RTX 4070,32GB DDR4,1TB HDD,Editor,1648
Intel i5,AMD RX 6800,16GB DDR4,1TB HDD,Developer,2086
AMD Ryzen 5,NVIDIA GTX 1660,16GB DDR4,2TB HDD,Developer,1401
AMD Ryzen 5,NVIDIA RTX 4070,64GB DDR4,500GB SSD,Gamer,2007
Intel i9,NVIDIA RTX 4070,8GB DDR4,500GB SSD,General User,1110
AMD Ryzen 5,AMD RX 6700,32GB DDR4,1TB SSD,Developer,2335
Intel i5,NVIDIA RTX 4070,16GB DDR4,1TB SSD,Developer,1309
Intel i9,NVIDIA RTX 3060,64GB DDR4,1TB SSD,General User,1382
AMD Ryzen 9,NVIDIA RTX 3060,8GB DDR4,1TB HDD,Developer,1570
Intel i7,AMD RX 6800,64GB DDR4,2TB SSD,Editor,1421
AMD Ryzen 7,NVIDIA RTX 3060,32GB DDR4,1TB HDD,General User,1357
Intel i5,NVIDIA RTX 4070,8GB DDR4,1TB HDD,Streamer,1168
AMD Ryzen 7,AMD RX 6800,8GB DDR4,2TB SSD,Streamer,1453
Intel i9,NVIDIA GTX 1660,16GB DDR4,1TB HDD,Developer,1629
Intel i9,AMD RX 6700,32GB DDR4,500GB SSD,Editor,1410
AMD Ryzen 9,NVIDIA RTX 4070,8GB DDR4,500GB SSD,Gamer,2037
AMD Ryzen 9,AMD RX 6800,64GB DDR4,2TB SSD,Editor,1788
Intel i5,AMD RX 6700,32GB DDR4,1TB SSD,Streamer,1083
Intel i9,AMD RX 6800,64GB DDR4,1TB SSD,General User,1413
Intel i7,NVIDIA GTX 1660,8GB DDR4,1TB HDD,Gamer,2734
Intel i9,AMD RX 6800,32GB DDR4,1TB HDD,Gamer,2034
Intel i9,NVIDIA RTX 4070,32GB DDR4,2TB SSD,Gamer,2078
Intel i9,NVIDIA RTX 4070,32GB DDR4,500GB SSD,Gamer,2856
Intel i7,AMD RX 6800,32GB DDR4,2TB HDD,Streamer,834
AMD Ryzen 7,AMD RX 6700,64GB DDR4,2TB SSD,General User,1489
Intel i7,NVIDIA GTX 1660,32GB DDR4,2TB SSD,Gamer,2889
AMD Ryzen 9,AMD RX 6700,64GB DDR4,1TB HDD,Streamer,1486
AMD Ryzen 9,AMD RX 6700,64GB DDR4,1TB SSD,General User,988
AMD Ryzen 5,AMD RX 6800,8GB DDR4,500GB SSD,Gamer,1712
AMD Ryzen 7,NVIDIA GTX 1660,16GB DDR4,2TB SSD,General User,1248
AMD Ryzen 5,AMD RX 6700,8GB DDR4,1TB HDD,General User,971
Intel i5,NVIDIA RTX 3060,8GB DDR4,500GB SSD,Streamer,810
Intel i5,NVIDIA RTX 3060,64GB DDR4,1TB HDD,Developer,1846
AMD Ryzen 7,NVIDIA RTX 3060,8GB DDR4,1TB SSD,Developer,2500
Intel i9,NVIDIA RTX 4070,8GB DDR4,2TB SSD,Editor,1734
Intel i5,NVIDIA RTX 4070,64GB DDR4,1TB HDD,Gamer,1699
Intel i5,NVIDIA RTX 3060,32GB DDR4,1TB SSD,General User,854
Intel i5,AMD RX 6700,64GB DDR4,2TB SSD,General User,878
Intel i7,NVIDIA GTX 1660,8GB DDR4,1TB HDD,General User,1068
AMD Ryzen 5,NVIDIA GTX 1660,32GB DDR4,1TB HDD,Editor,1615
AMD Ryzen 9,AMD RX 6800,8GB DDR4,500GB SSD,Developer,2069
AMD Ryzen 5,AMD RX 6700,16GB DDR4,1TB SSD,Streamer,1080
AMD Ryzen 7,AMD RX 6800,64GB DDR4,500GB SSD,Gamer,2897
AMD Ryzen 5,NVIDIA RTX 3060,8GB DDR4,1TB SSD,Developer,1397
Intel i7,AMD RX 6800,64GB DDR4,1TB SSD,General User,824
AMD Ryzen 7,AMD RX 6700,8GB DDR4,500GB SSD,Streamer,1398
AMD Ryzen 5,AMD RX 6700,32GB DDR4,2TB HDD,Streamer,1140
AMD Ryzen 7,AMD RX 6800,16GB DDR4,1TB SSD,Gamer,2528
AMD Ryzen 9,AMD RX 6800,64GB DDR4,2TB HDD,Streamer,1489
AMD Ryzen 7,NVIDIA GTX 1660,64GB DDR4,2TB HDD,Streamer,1392
Intel i5,NVIDIA GTX 1660,32GB DDR4,2TB HDD,General User,963
Intel i5,AMD RX 6800,8GB DDR4,1TB HDD,General User,1390
AMD Ryzen 9,NVIDIA RTX 3060,8GB DDR4,2TB HDD,Developer,1308
AMD Ryzen 7,AMD RX 6800,64GB DDR4,1TB SSD,Editor,1546
AMD Ryzen 9,AMD RX 6700,32GB DDR4,1TB HDD,Editor,2176
Intel i9,NVIDIA RTX 4070,32GB DDR4,2TB HDD,Developer,2396
Intel i7,NVIDIA RTX 3060,8GB DDR4,2TB SSD,Developer,1819
Intel i5,AMD RX 6800,16GB DDR4,500GB SSD,General User,856
AMD Ryzen 5,NVIDIA RTX 4070,64GB DDR4,1TB HDD,Editor,1158
Intel i9,AMD RX 6700,32GB DDR4,1TB SSD,Gamer,1771
Intel i7,NVIDIA RTX 3060,8GB DDR4,1TB HDD,Developer,1573
Intel i9,NVIDIA GTX 1660,16GB DDR4,1TB SSD,Streamer,1385
AMD Ryzen 9,AMD RX 6800,16GB DDR4,1TB HDD,Gamer,2521
Intel i7,NVIDIA GTX 1660,32GB DDR4,1TB SSD,Developer,2197
Intel i5,AMD RX 6700,16GB DDR4,1TB SSD,Developer,1636
AMD Ryzen 9,NVIDIA RTX 3060,64GB DDR4,500GB SSD,Editor,1802
AMD Ryzen 5,AMD RX 6800,32GB DDR4,1TB SSD,Streamer,1379
Intel i5,AMD RX 6800,16GB DDR4,1TB SSD,General User,936
Intel i7,AMD RX 6800,16GB DDR4,2TB HDD,Gamer,2944
AMD Ryzen 9,NVIDIA GTX 1660,64GB DDR4,1TB SSD,Streamer,1193
AMD Ryzen 7,NVIDIA GTX 1660,16GB DDR4,2TB SSD,Developer,1533
AMD Ryzen 9,AMD RX 6700,64GB DDR4,500GB SSD,Developer,1333
AMD Ryzen 5,NVIDIA RTX 3060,64GB DDR4,1TB HDD,General User,951
Intel i7,AMD RX 6800,64GB DDR4,1TB HDD,General User,818
AMD Ryzen 5,NVIDIA GTX 1660,16GB DDR4,1TB HDD,Gamer,1681
AMD Ryzen 7,AMD RX 6700,16GB DDR4,1TB SSD,Developer,1873
AMD Ryzen 7,NVIDIA RTX 3060,8GB DDR4,500GB SSD,Streamer,960
AMD Ryzen 9,AMD RX 6800,64GB DDR4,2TB SSD,Editor,1264
AMD Ryzen 7,AMD RX 6800,16GB DDR4,1TB HDD,General User,1493
AMD Ryzen 5,NVIDIA RTX 4070,16GB DDR4,2TB HDD,Editor,1861
Intel i9,AMD RX 6700,32GB DDR4,2TB HDD,Streamer,1066
AMD Ryzen 5,AMD RX 6700,16GB DDR4,2TB SSD,Streamer,1237
Intel i9,AMD RX 6800,8GB DDR4,500GB SSD,Streamer,1438
Intel i5,NVIDIA GTX 1660,8GB DDR4,500GB SSD,Gamer,2509
AMD Ryzen 5,NVIDIA RTX 3060,64GB DDR4,2TB SSD,Developer,1241
Intel i9,NVIDIA RTX 4070,16GB DDR4,2TB SSD,Streamer,808
Intel i5,NVIDIA RTX 4070,16GB DDR4,1TB SSD,Editor,1544
Intel i5,AMD RX 6700,16GB DDR4,2TB SSD,Developer,2300
Intel i9,NVIDIA RTX 3060,64GB DDR4,2TB HDD,Streamer,1263
AMD Ryzen 9,AMD RX 6700,8GB DDR4,1TB SSD,Gamer,2014
Intel i9,NVIDIA RTX 3060,32GB DDR4,1TB HDD,Developer,1325
AMD Ryzen 9,AMD RX 6800,8GB DDR4,1TB HDD,Streamer,1359
AMD Ryzen 7,AMD RX 6800,8GB DDR4,1TB HDD,Streamer,975
Intel i7,NVIDIA RTX 3060,32GB DDR4,1TB SSD,Streamer,1164
AMD Ryzen 5,NVIDIA RTX 3060,8GB DDR4,2TB HDD,Streamer,1051
AMD Ryzen 5,AMD RX 6700,64GB DDR4,2TB HDD,Editor,1724
AMD Ryzen 9,NVIDIA RTX 3060,32GB DDR4,1TB HDD,General User,1125
Intel i5,AMD RX 6800,32GB DDR4,2TB HDD,Gamer,1922
AMD Ryzen 9,NVIDIA GTX 1660,16GB DDR4,1TB SSD,Developer,2043
AMD Ryzen 5,NVIDIA GTX 1660,8GB DDR4,500GB SSD,Editor,1337
AMD Ryzen 7,NVIDIA GTX 1660,16GB DDR4,2TB SSD,Streamer,1247
AMD Ryzen 7,NVIDIA RTX 3060,8GB DDR4,1TB SSD,General User,1203
AMD Ryzen 9,AMD RX 6700,32GB DDR4,500GB SSD,Developer,1806
AMD Ryzen 7,NVIDIA RTX 3060,32GB DDR4,2TB HDD,Gamer,2682
Intel i9,NVIDIA GTX 1660,64GB DDR4,500GB SSD,Editor,2127
AMD Ryzen 7,NVIDIA RTX 3060,32GB DDR4,2TB SSD,General User,1264
Intel i7,NVIDIA GTX 1660,64GB DDR4,2TB SSD,Streamer,865
Intel i9,NVIDIA RTX 4070,32GB DDR4,500GB SSD,Streamer,1032
AMD Ryzen 9,NVIDIA RTX 4070,64GB DDR4,2TB HDD,Editor,1093
AMD Ryzen 9,AMD RX 6800,64GB DDR4,2TB HDD,Gamer,1943
Intel i5,NVIDIA GTX 1660,8GB DDR4,2TB HDD,Gamer,1920
AMD Ryzen 5,NVIDIA RTX 4070,16GB DDR4,1TB HDD,Editor,2024
Intel i9,NVIDIA GTX 1660,16GB DDR4,500GB SSD,General User,1069
AMD Ryzen 5,AMD RX 6800,8GB DDR4,1TB SSD,Developer,1221
Intel i5,AMD RX 6800,16GB DDR4,1TB HDD,Developer,2316
AMD Ryzen 7,NVIDIA GTX 1660,8GB DDR4,2TB HDD,General User,841
AMD Ryzen 9,NVIDIA GTX 1660,16GB DDR4,2TB HDD,Gamer,2777
Intel i5,NVIDIA GTX 1660,64GB DDR4,1TB SSD,Streamer,956
Intel i7,AMD RX 6700,8GB DDR4,500GB SSD,General User,1007
Intel i5,AMD RX 6800,64GB DDR4,1TB HDD,Streamer,1489
Intel i9,NVIDIA RTX 3060,16GB DDR4,1TB SSD,Gamer,1531
Intel i7,NVIDIA GTX 1660,32GB DDR4,2TB SSD,Gamer,1963
Intel i5,NVIDIA RTX 3060,32GB DDR4,2TB HDD,Editor,1506
AMD Ryzen 5,NVIDIA GTX 1660,8GB DDR4,2TB SSD,Streamer,1393
Intel i5,AMD RX 6700,8GB DDR4,2TB HDD,Developer,1305
Intel i5,NVIDIA RTX 3060,8GB DDR4,2TB SSD,Developer,2425
AMD Ryzen 7,AMD RX 6800,64GB DDR4,1TB SSD,Streamer,884
Intel i9,NVIDIA GTX 1660,16GB DDR4,2TB SSD,General User,1276
AMD Ryzen 5,AMD RX 6700,32GB DDR4,500GB SSD,Streamer,928
AMD Ryzen 9,NVIDIA RTX 3060,8GB DDR4,2TB HDD,Gamer,2820
AMD Ryzen 7,NVIDIA RTX 4070,64GB DDR4,2TB HDD,General User,811
AMD Ryzen 9,AMD RX 6800,32GB DDR4,2TB SSD,Gamer,2924
Intel i7,NVIDIA RTX 4070,16GB DDR4,1TB HDD,Streamer,1084
AMD Ryzen 9,NVIDIA RTX 4070,8GB DDR4,2TB SSD,Gamer,2618
AMD Ryzen 7,AMD RX 6800,16GB DDR4,2TB HDD,General User,1257
AMD Ryzen 9,AMD RX 6700,32GB DDR4,2TB HDD,Streamer,1134
Intel i5,NVIDIA GTX 1660,16GB DDR4,500GB SSD,General User,1081
AMD Ryzen 7,AMD RX 6700,32GB DDR4,1TB HDD,Streamer,1364
Intel i9,AMD RX 6700,8GB DDR4,500GB SSD,Developer,2335
AMD Ryzen 7,AMD RX 6800,64GB DDR4,1TB HDD,Gamer,2764
AMD Ryzen 5,NVIDIA GTX 1660,8GB DDR4,2TB HDD,Developer,2367
Intel i7,AMD RX 6700,32GB DDR4,1TB SSD,Editor,1105
Intel i7,AMD RX 6700,64GB DDR4,1TB HDD,Developer,1631
Intel i5,NVIDIA RTX 4070,16GB DDR4,1TB HDD,Gamer,1556
Intel i9,AMD RX 6800,32GB DDR4,1TB HDD,Streamer,932
AMD Ryzen 9,NVIDIA RTX 3060,64GB DDR4,1TB HDD,Editor,1248
AMD Ryzen 7,NVIDIA GTX 1660,32GB DDR4,2TB HDD,Editor,2007
Intel i9,NVIDIA GTX 1660,16GB DDR4,1TB SSD,General User,1388
Intel i9,NVIDIA GTX 1660,64GB DDR4,1TB HDD,Streamer,1355
Intel i7,NVIDIA RTX 4070,8GB DDR4,500GB SSD,Streamer,1133
AMD Ryzen 7,NVIDIA RTX 3060,32GB DDR4,500GB SSD,Gamer,2355
Intel i5,NVIDIA RTX 3060,64GB DDR4,1TB HDD,Editor,2183
Intel i7,NVIDIA RTX 3060,16GB DDR4,2TB HDD,General User,955
Intel i9,NVIDIA GTX 1660,32GB DDR4,2TB HDD,Editor,1096
Intel i7,AMD RX 6800,16GB DDR4,2TB SSD,Gamer,1704
Intel i9,AMD RX 6700,32GB DDR4,1TB HDD,Editor,1798
AMD Ryzen 5,AMD RX 6700,16GB DDR4,500GB SSD,Editor,1979
Intel i7,NVIDIA RTX 4070,64GB DDR4,500GB SSD,Streamer,1192
Intel i5,NVIDIA RTX 4070,64GB DDR4,2TB SSD,General User,945
Intel i7,AMD RX 6700,8GB DDR4,2TB HDD,General User,1242
Intel i9,AMD RX 6700,32GB DDR4,2TB HDD,General User,1348
AMD Ryzen 9,NVIDIA RTX 3060,32GB DDR4,2TB SSD,General User,824
Intel i5,NVIDIA RTX 3060,8GB DDR4,2TB SSD,Editor,1131
Intel i7,NVIDIA RTX 4070,8GB DDR4,500GB SSD,Streamer,910
AMD Ryzen 5,NVIDIA RTX 3060,8GB DDR4,2TB HDD,Gamer,2743
AMD Ryzen 9,NVIDIA RTX 3060,32GB DDR4,2TB HDD,Editor,1555
Intel i7,AMD RX 6700,32GB DDR4,2TB HDD,Editor,1233
AMD Ryzen 7,NVIDIA RTX 4070,64GB DDR4,1TB SSD,Gamer,2313
Intel i9,NVIDIA RTX 4070,64GB DDR4,2TB HDD,General User,1099
AMD Ryzen 9,NVIDIA RTX 3060,32GB DDR4,2TB SSD,Streamer,966
Intel i5,AMD RX 6800,64GB DDR4,2TB HDD,Developer,1293
AMD Ryzen 5,NVIDIA RTX 3060,64GB DDR4,2TB SSD,General User,1192
AMD Ryzen 5,NVIDIA RTX 4070,16GB DDR4,1TB SSD,General User,843
Intel i7,NVIDIA RTX 4070,16GB DDR4,2TB HDD,Developer,1625
Intel i5,AMD RX 6700,16GB DDR4,500GB SSD,Editor,2158
AMD Ryzen 7,NVIDIA RTX 4070,32GB DDR4,2TB SSD,Developer,1308
Intel i5,NVIDIA RTX 3060,16GB DDR4,500GB SSD,Streamer,1303
AMD Ryzen 9,NVIDIA GTX 1660,8GB DDR4,2TB SSD,Developer,2089
Intel i9,NVIDIA RTX 4070,64GB DDR4,1TB HDD,Editor,1441
Intel i7,NVIDIA GTX 1660,64GB DDR4,1TB SSD,Developer,1285
AMD Ryzen 7,NVIDIA GTX 1660,64GB DDR4,2TB HDD,Developer,2435
Intel i7,NVIDIA RTX 4070,16GB DDR4,1TB HDD,General User,1445
Intel i9,NVIDIA RTX 3060,8GB DDR4,2TB HDD,General User,1413
Intel i9,AMD RX 6700,64GB DDR4,2TB SSD,Streamer,1005
Intel i5,NVIDIA RTX 4070,8GB DDR4,2TB SSD,Developer,1282
Intel i7,NVIDIA GTX 1660,64GB DDR4,2TB HDD,General User,1096
AMD Ryzen 7,AMD RX 6700,64GB DDR4,2TB SSD,Gamer,2371
Intel i9,NVIDIA RTX 4070,16GB DDR4,2TB HDD,Developer,1531
AMD Ryzen 5,AMD RX 6800,16GB DDR4,1TB SSD,Developer,1614
AMD Ryzen 5,AMD RX 6800,32GB DDR4,1TB HDD,Streamer,1197
Intel i5,AMD RX 6800,8GB DDR4,1TB SSD,Gamer,2702
Intel i5,AMD RX 6800,64GB DDR4,2TB HDD,Developer,2454
Intel i9,NVIDIA GTX 1660,32GB DDR4,1TB SSD,Streamer,978
Intel i7,NVIDIA RTX 4070,16GB DDR4,1TB HDD,Developer,1837
AMD Ryzen 7,NVIDIA GTX 1660,32GB DDR4,2TB HDD,Streamer,1425
Intel i9,NVIDIA GTX 1660,64GB DDR4,1TB SSD,Gamer,1671
AMD Ryzen 9,NVIDIA RTX 3060,16GB DDR4,2TB SSD,Gamer,2831
Intel i5,AMD RX 6800,32GB DDR4,500GB SSD,Developer,1668
AMD Ryzen 9,AMD RX 6700,64GB DDR4,2TB HDD,General User,824
Intel i9,NVIDIA GTX 1660,16GB DDR4,1TB SSD,Streamer,828
Intel i5,NVIDIA RTX 3060,64GB DDR4,1TB SSD,Gamer,1976
Intel i5,NVIDIA GTX 1660,64GB DDR4,1TB HDD,General User,870
AMD Ryzen 7,NVIDIA RTX 4070,8GB DDR4,2TB HDD,General User,1341
Intel i5,NVIDIA RTX 4070,64GB DDR4,1TB SSD,General User,1149
Intel i5,NVIDIA RTX 3060,16GB DDR4,2TB HDD,Editor,1021
AMD Ryzen 7,NVIDIA RTX 3060,8GB DDR4,1TB SSD,Editor,1976
AMD Ryzen 9,AMD RX 6700,32GB DDR4,2TB SSD,Developer,2166
Intel i9,AMD RX 6800,8GB DDR4,500GB SSD,Gamer,1878
Intel i5,AMD RX 6700,8GB DDR4,2TB SSD,Streamer,965
AMD Ryzen 9,AMD RX 6800,64GB DDR4,1TB SSD,General User,1234
AMD Ryzen 9,NVIDIA RTX 4070,16GB DDR4,500GB SSD,Streamer,1266
AMD Ryzen 7,NVIDIA RTX 3060,64GB DDR4,2TB HDD,Developer,1955
Intel i7,NVIDIA RTX 4070,32GB DDR4,500GB SSD,Gamer,2993
Intel i5,AMD RX 6700,16GB DDR4,500GB SSD,Editor,1273
Intel i9,NVIDIA RTX 3060,8GB DDR4,1TB SSD,General User,948
Intel i9,AMD RX 6700,8GB DDR4,2TB SSD,General User,1111
Intel i9,NVIDIA RTX 4070,8GB DDR4,1TB HDD,Streamer,1058
Intel i7,AMD RX 6800,16GB DDR4,1TB HDD,Editor,1274
Intel i7,AMD RX 6800,64GB DDR4,2TB HDD,General User,1437
AMD Ryzen 5,NVIDIA GTX 1660,64GB DDR4,2TB SSD,Gamer,1669
AMD Ryzen 7,NVIDIA RTX 3060,32GB DDR4,2TB SSD,Streamer,1338
Intel i7,NVIDIA RTX 3060,64GB DDR4,2TB SSD,Developer,1657
Intel i9,AMD RX 6700,16GB DDR4,2TB SSD,General User,854
Intel i5,AMD RX 6800,8GB DDR4,2TB SSD,General User,1212
Intel i7,AMD RX 6700,16GB DDR4,1TB SSD,General User,1092
Intel i7,AMD RX 6700,16GB DDR4,500GB SSD,Developer,2306
Intel i5,NVIDIA RTX 3060,16GB DDR4,1TB SSD,Gamer,1571
Intel i7,AMD RX 6800,64GB DDR4,500GB SSD,Gamer,2245
Intel i7,NVIDIA GTX 1660,16GB DDR4,2TB SSD,Streamer,1486
AMD Ryzen 9,AMD RX 6800,32GB DDR4,500GB SSD,Streamer,1427
AMD Ryzen 9,AMD RX 6700,64GB DDR4,1TB SSD,Gamer,1504
AMD Ryzen 9,NVIDIA RTX 4070,64GB DDR4,1TB HDD,General User,1384
Intel i5,NVIDIA RTX 3060,32GB DDR4,1TB SSD,Developer,1256
AMD Ryzen 5,NVIDIA RTX 4070,64GB DDR4,500GB SSD,General User,1236
Intel i7,AMD RX 6700,8GB DDR4,1TB SSD,General User,1490
Intel i9,NVIDIA RTX 4070,8GB DDR4,2TB SSD,Developer,2474
Intel i9,NVIDIA RTX 4070,16GB DDR4,1TB HDD,Developer,1591
Intel i9,AMD RX 6800,16GB DDR4,2TB SSD,Streamer,1261
AMD Ryzen 5,AMD RX 6800,64GB DDR4,1TB HDD,Editor,1520
AMD Ryzen 7,NVIDIA RTX 3060,16GB DDR4,1TB SSD,General User,911
AMD Ryzen 9,NVIDIA GTX 1660,8GB DDR4,500GB SSD,General User,1342
Intel i5,NVIDIA RTX 4070,16GB DDR4,1TB SSD,Gamer,1815
AMD Ryzen 9,AMD RX 6800,64GB DDR4,1TB HDD,Streamer,1049
AMD Ryzen 5,AMD RX 6800,8GB DDR4,2TB SSD,Gamer,1857
AMD Ryzen 9,NVIDIA RTX 3060,32GB DDR4,500GB SSD,Editor,1546
Intel i9,NVIDIA GTX 1660,32GB DDR4,1TB HDD,Streamer,1489
Intel i5,AMD RX 6700,32GB DDR4,500GB SSD,Editor,2036
AMD Ryzen 9,AMD RX 6700,64GB DDR4,2TB HDD,Editor,1797
AMD Ryzen 9,NVIDIA RTX 3060,16GB DDR4,1TB HDD,Developer,1946
AMD Ryzen 9,NVIDIA GTX 1660,32GB DDR4,1TB SSD,Editor,2196
Intel i9,NVIDIA RTX 4070,64GB DDR4,2TB SSD,Developer,1777
Intel i5,NVIDIA RTX 4070,8GB DDR4,1TB HDD,Streamer,1141
Intel i9,NVIDIA RTX 4070,8GB DDR4,500GB SSD,Gamer,2579
Intel i9,AMD RX 6700,16GB DDR4,1TB SSD,Gamer,1754
AMD Ryzen 5,NVIDIA RTX 3060,16GB DDR4,500GB SSD,Gamer,2130
AMD Ryzen 5,AMD RX 6700,16GB DDR4,1TB HDD,Editor,1595
AMD Ryzen 7,AMD RX 6700,16GB DDR4,2TB SSD,Gamer,1841
AMD Ryzen 7,NVIDIA RTX 4070,8GB DDR4,1TB SSD,Editor,2175
Intel i5,NVIDIA RTX 3060,16GB DDR4,500GB SSD,Editor,2200
Intel i5,NVIDIA RTX 3060,16GB DDR4,2TB SSD,Streamer,1223
Intel i5,NVIDIA GTX 1660,64GB DDR4,2TB SSD,Developer,2297
Intel i5,AMD RX 6800,64GB DDR4,1TB HDD,Gamer,1754
Intel i5,AMD RX 6700,8GB DDR4,1TB SSD,Gamer,2638
AMD Ryzen 9,NVIDIA RTX 4070,64GB DDR4,1TB HDD,Streamer,1250
Intel i5,AMD RX 6800,8GB DDR4,1TB SSD,Editor,1328
AMD Ryzen 5,NVIDIA RTX 3060,32GB DDR4,1TB SSD,Developer,2199
AMD Ryzen 7,NVIDIA RTX 4070,16GB DDR4,2TB HDD,Gamer,1768
AMD Ryzen 5,NVIDIA RTX 4070,16GB DDR4,1TB SSD,General User,1179
Intel i7,AMD RX 6800,16GB DDR4,1TB SSD,Editor,1833
AMD Ryzen 5,AMD RX 6700,16GB DDR4,1TB HDD,Gamer,2474
AMD Ryzen 5,NVIDIA RTX 4070,16GB DDR4,2TB SSD,Developer,2387
Intel i7,NVIDIA RTX 4070,16GB DDR4,2TB SSD,Gamer,2643
Intel i5,AMD RX 6800,64GB DDR4,1TB HDD,Streamer,1149
AMD Ryzen 9,AMD RX 6800,16GB DDR4,1TB SSD,General User,1148
Intel i5,AMD RX 6700,32GB DDR4,500GB SSD,Streamer,905
AMD Ryzen 9,NVIDIA RTX 4070,8GB DDR4,1TB HDD,General User,836
Intel i7,AMD RX 6800,8GB DDR4,1TB HDD,Streamer,1268
AMD Ryzen 7,NVIDIA RTX 3060,32GB DDR4,2TB HDD,Editor,1630
AMD Ryzen 9,NVIDIA RTX 3060,64GB DDR4,1TB HDD,Gamer,2266
Intel i9,AMD RX 6700,32GB DDR4,2TB SSD,Gamer,1667
AMD Ryzen 9,AMD RX 6800,8GB DDR4,2TB SSD,Editor,2167
Intel i5,NVIDIA RTX 4070,16GB DDR4,2TB SSD,Developer,2324
AMD Ryzen 7,NVIDIA RTX 4070,32GB DDR4,500GB SSD,Gamer,2668
Intel i5,NVIDIA RTX 4070,16GB DDR4,2TB SSD,Streamer,1313
Intel i5,AMD RX 6700,16GB DDR4,2TB SSD,General User,830
AMD Ryzen 5,NVIDIA RTX 3060,16GB DDR4,2TB SSD,General User,1115
AMD Ryzen 5,AMD RX 6700,16GB DDR4,2TB SSD,Developer,1240
AMD Ryzen 5,AMD RX 6700,8GB DDR4,1TB SSD,Gamer,2472
AMD Ryzen 7,NVIDIA RTX 4070,8GB DDR4,1TB SSD,General User,1473
AMD Ryzen 7,AMD RX 6700,64GB DDR4,2TB SSD,Gamer,2618
Intel i5,AMD RX 6700,8GB DDR4,1TB SSD,Editor,1532
Intel i5,AMD RX 6700,8GB DDR4,1TB SSD,Editor,1823
Intel i9,NVIDIA RTX 3060,8GB DDR4,2TB HDD,Streamer,1446
AMD Ryzen 5,NVIDIA GTX 1660,8GB DDR4,500GB SSD,Developer,1983
AMD Ryzen 9,AMD RX 6700,32GB DDR4,2TB HDD,Editor,1104
AMD Ryzen 9,NVIDIA RTX 3060,32GB DDR4,1TB HDD,Streamer,1157
AMD Ryzen 9,NVIDIA GTX 1660,16GB DDR4,2TB HDD,Gamer,1691
Intel i5,NVIDIA GTX 1660,32GB DDR4,500GB SSD,General User,1362
AMD Ryzen 5,NVIDIA RTX 4070,32GB DDR4,2TB SSD,Gamer,2641
Intel i7,NVIDIA GTX 1660,16GB DDR4,2TB HDD,Streamer,1406
AMD Ryzen 7,NVIDIA GTX 1660,16GB DDR4,2TB SSD,Developer,2099
AMD Ryzen 7,NVIDIA RTX 3060,64GB DDR4,500GB SSD,Developer,2027
